post_id,user_post
1,"User1234: Absolutely love the new Riverside Park! The walking trails are beautiful and perfect for my morning jogs. üå≥üèÉ‚Äç‚ôÄÔ∏è"
2,"GreenThumb89: The new park is a great addition, but I wish there were more shaded areas. It's pretty sunny most of the day."
3,"CityDweller: Not sure about this new park. It feels like it's taking up space that could be used for affordable housing."
4,"HappyHiker: Spent the afternoon with my family at the new park. The playground is fantastic and the picnic areas are well-maintained!"
5,"UrbanPlanner: I appreciate the effort to add green spaces, but the layout seems cramped. It might get too crowded on weekends."
6,"NatureLover: The biodiversity in the new park is impressive. Saw several bird species I haven't seen in years. ü¶âüåø"
7,"TrafficJammed: Ever since the park opened, traffic around the area has doubled. Parking is a nightmare!"
8,"FitnessFan: The outdoor gym equipment in the park is a game-changer. Finally, a place to work out without paying a membership."
9,"SkepticalSam: Looks nice, but I‚Äôm worried about the safety at night. Better lighting and security are needed."
10,"FamilyFirst: My kids love the new splash pad! It's kept them entertained for hours. Great addition for families."
11,"OldTimer: I remember when this area was just vacant land. Glad it's been transformed, but miss the old charm a bit."
12,"EcoWarrior: Kudos to the city for implementing solar lighting and sustainable materials in the park's construction. üåû‚ôªÔ∏è"
13,"BudgetWatcher: The park is nice, but the costs seem too high. Where is the funding coming from?"
14,"PetOwner: Awesome that there's a designated dog area! My pups have a blast and it's separated from the main paths."
15,"ArtLover: The sculptures and art installations in the park are inspiring. Makes the space feel culturally rich."
16,"NoiseNerd: Too many events and concerts in the park. It's supposed to be a peaceful place, not a festival ground."
17,"CyclistMike: Great bike trails! Finally, a safe place to ride without worrying about traffic."
18,"ConcernedNeighbor: Since the park opened, there's been an increase in litter around the vicinity. Maintenance needs improvement."
19,"TeenSpirit: The skate park section is sick! It‚Äôs the first of its kind in our city. üëçüõπ"
20,"QuietQuinn: I go there every morning to read and meditate. It‚Äôs my sanctuary in the middle of the city."
21,"LocalBusiness: Businesses near the park have seen more foot traffic, which is good for the local economy. Win-win!"
22,"WeatherWatcher: Not a fan of how the park looks in the rain. Some benches are slippery and there‚Äôs poor drainage."
23,"AccessibilityAdvocate: Kudos for making the park accessible for everyone. Ramps and wide paths make a big difference."
24,"SafetySue: I‚Äôve heard reports of petty theft in the park after dark. Can the city increase patrols?"
25,"PicnicPro: Perfect spot for weekend picnics. Plenty of space and the views are amazing!"
26,"BudgetWatcher2: Still waiting for the promised upgrades to the park facilities. It feels incomplete."
27,"EventEnthusiast: Looking forward to the summer concerts in the park! It‚Äôs going to bring the community together."
28,"GardenerGal: The community garden section is a fantastic idea. Can‚Äôt wait to plant my veggies there."
29,"TechieTom: Why isn‚Äôt there free Wi-Fi in the park? It would be great for people who want to work outdoors."
30,"NightOwl: Love evening walks in the park, but the lighting on the paths needs to be brighter for safety."
31,"CommunityKid31: The new basketball courts are awesome! My friends and I play there every day after school."
32,"UrbanCritic: Feels like the park was designed without considering the needs of all residents. More input from the community is needed."
33,"SunshineSarah: The open fields are perfect for flying kites and playing frisbee. Love the spaciousness!"
34,"BusyBee45: It's nice to have a green space nearby, but sometimes it feels deserted and uninviting during weekdays."
35,"ArtisanAndy: The local artists' market set up in the park every weekend adds a vibrant touch. Support local talent!"
36,"GreenGuardian: Happy to see native plants being used. It helps support local wildlife and reduces maintenance."
37,"ParkingParker: Finding a parking spot near the park is a hassle. Maybe the city can look into better parking solutions."
38,"YogaYvonne: The morning yoga classes in the park are so peaceful. Great initiative for community wellness."
39,"SilentObserver: Sometimes I just want a quiet place without kids running around. The park is too busy for my taste."
40,"BicycleBarry: The new bike racks are convenient, but more secure options are needed to prevent theft."
41,"ConcertLover: The amphitheater in the park is fantastic for live performances. Looking forward to more shows!"
42,"TrashTara: The trash bins are insufficient, leading to litter everywhere. Needs better waste management."
43,"PicassoPatti: The mural near the entrance is stunning. Adds so much character to the park!"
44,"RunnerRick: Great place for running, but some of the paths are uneven and need repair."
45,"FamilyGuy45: The family-friendly events organized by the park are wonderful. Keeps everyone engaged and entertained."
46,"DigitalNomad: A few power outlets around would be awesome for those of us who like to work outdoors."
47,"SeniorSam: The benches are comfortable and plentiful. A nice place to sit and enjoy the scenery."
48,"LocalLaura: Glad the park has a map and information boards. Helps newcomers navigate and enjoy the space better."
49,"PlaygroundPaul: The new swings and slides are safe and fun. My kids haven‚Äôt stopped playing since it opened."
50,"CommunityKid50: The new park has become the center of our neighborhood activities. Great job to the city planners!"
51,"SunshineSarah51: The open fields are perfect for flying kites and playing frisbee. Love the spaciousness!"
52,"BusyBee45: It's nice to have a green space nearby, but sometimes it feels deserted and uninviting during weekdays."
53,"ArtisanAndy: The local artists' market set up in the park every weekend adds a vibrant touch. Support local talent!"
54,"GreenGuardian: Happy to see native plants being used. It helps support local wildlife and reduces maintenance."
55,"ParkingParker: Finding a parking spot near the park is a hassle. Maybe the city can look into better parking solutions."
56,"YogaYvonne: The morning yoga classes in the park are so peaceful. Great initiative for community wellness."
57,"SilentObserver: Sometimes I just want a quiet place without kids running around. The park is too busy for my taste."
58,"BicycleBarry: The new bike racks are convenient, but more secure options are needed to prevent theft."
59,"ConcertLover: The amphitheater in the park is fantastic for live performances. Looking forward to more shows!"
60,"TrashTara: The trash bins are insufficient, leading to litter everywhere. Needs better waste management."
61,"PicassoPatti: The mural near the entrance is stunning. Adds so much character to the park!"
62,"RunnerRick: Great place for running, but some of the paths are uneven and need repair."
63,"FamilyGuy45: The family-friendly events organized by the park are wonderful. Keeps everyone engaged and entertained."
64,"DigitalNomad: A few power outlets around would be awesome for those of us who like to work outdoors."
65,"SeniorSam: The benches are comfortable and plentiful. A nice place to sit and enjoy the scenery."
66,"LocalLaura: Glad the park has a map and information boards. Helps newcomers navigate and enjoy the space better."
67,"PlaygroundPaul: The new swings and slides are safe and fun. My kids haven‚Äôt stopped playing since it opened."
68,"CommunityKid50: The new park has become the center of our neighborhood activities. Great job to the city planners!"
69,"FoodieFrank: The food trucks during events are a great addition. Variety and delicious options available."
70,"TechGuruTina: It would be great if the park had charging stations for our devices. Keeps us connected while enjoying nature."
71,"MusicMike: The sound quality at the amphitheater could be better. Sometimes the music is too loud and distorts."
72,"HistoryHelen: Loved the historical plaques around the park. It's a nice touch to educate visitors about the area."
73,"SportySteve: Wish there were more sports facilities like tennis courts. The current options are limited."
74,"BookwormBetty: The little library kiosk is a fantastic idea! Encourages reading and sharing books among visitors."
75,"PetFriendlyPam: Appreciate the pet-friendly policies, but there should be more waste stations for pet owners."
76,"EarlyBirdEli: The sunrise views from the park are breathtaking. Perfect way to start the day."
77,"NightStrollNina: Evening walks are lovely, but some areas feel unsafe. More lighting needed throughout the park."
78,"ArtisticAmy: Love the rotating art exhibits. Keeps the park fresh and interesting every month."
79,"CommunityChef: The outdoor cooking classes are a hit! Great way to learn new recipes and meet people."
80,"FitFamFred: The park's fitness trails are excellent for family workouts. Encourages healthy living together."
81,"UrbanExplorer: There are some hidden gems in the park, like the small waterfall. Makes exploring fun."
82,"GreenEnergyGary: Solar-powered lights are a great eco-friendly feature. Shows the city's commitment to sustainability."
83,"TechSavvySasha: Would love to see an app for the park with event schedules and trail maps."
84,"PeacefulPenny: The meditation zones are serene and help me unwind after a long day."
85,"LocalLarry: The partnership with local schools for educational tours is commendable. Engages the youth effectively."
86,"ArtisticAva: The interactive art installations are a great way to engage visitors of all ages."
87,"BusyMomMia: While the park is great, having more childcare facilities nearby would be helpful for busy parents."
88,"AdventureAlex: The zip line is thrilling! Adds an adventurous element to the park's attractions."
89,"RelaxedRita: Enjoying the hammock areas. Perfect for a lazy afternoon nap under the trees."
90,"CommunityCarla: The volunteer programs for park maintenance foster a sense of community pride."
91,"TechieTom2: Still waiting for free Wi-Fi options. It's a must-have for modern park-goers."
92,"HealthNutHank: The fresh produce from the community garden is fantastic. Encourages healthy eating."
93,"SportsSamantha: Wish there were more organized sports leagues using the park's facilities."
94,"GreenThumbGary: The plant workshops are educational and help improve our gardening skills."
95,"MusicMaya: Sometimes the background music in the park is too repetitive. Variety would be nice."
96,"EventEddie: The annual park festival is always a highlight. Brings everyone together in a fun way."
97,"CreativeChris: The graffiti wall is awesome! A great outlet for local artists to showcase their work."
98,"HappyHelen: The fountain area is so relaxing. Kids love playing around it while parents can relax nearby."
99,"OutdoorOscar: The camping spots near the park are a great addition for weekend getaways."
100,"YogiYara: The designated yoga zones are peaceful and well-maintained. Perfect for my daily practice."
101,"CyclingCory: More bike repair stations would be helpful for cyclists using the trails."
102,"FitnessFiona: The group fitness classes are well-organized and motivate me to stay active."
103,"PetPamela: More water stations for dogs would be appreciated. Keeps our pets hydrated during walks."
104,"StudentSteve: The study areas with benches and tables are perfect for outdoor studying sessions."
105,"FamilyFaith: The park's inclusive playground ensures all children can play together safely."
106,"NatureNate: The butterfly garden is a beautiful addition. Great for nature enthusiasts."
107,"RunnerRachel: The designated running paths are smooth and well-marked. Makes training easier."
108,"ArtAlly: The art workshops offered in the park inspire creativity among participants."
109,"TechieTara: Integrating augmented reality features in the park could enhance visitor experiences."
110,"PeacefulPete: The quiet zones are perfect for reading and reflecting without distractions."
111,"CommunityCindy: The park's outreach programs help engage underrepresented communities effectively."
112,"MusicMax: More diverse music genres at events would attract a broader audience."
113,"SportsSam: The new soccer fields are well-maintained and great for local teams."
114,"GreenGina: The composting bins are a fantastic eco-friendly initiative. Reduces waste effectively."
115,"FamilyFelicia: The stroller-friendly paths make it easy to navigate the park with little ones."
116,"AdventureAmy: The obstacle courses add an exciting challenge for kids and adults alike."
117,"TechTom: Looking forward to interactive digital maps being available for easier navigation."
118,"HistoryHank: The historical markers provide insightful information about the park's background."
119,"YogaYasmine: The sunset yoga sessions are magical. Highly recommended for relaxation."
120,"CommunityCarl: The neighborhood potlucks organized in the park foster strong community bonds."
121,"ArtisticArthur: The light installations during evenings create a mesmerizing atmosphere."
122,"PetPeter: More shaded areas for dogs would make our visits even more enjoyable."
123,"RelaxedRenee: The park's tranquility helps me escape the city's hustle and bustle."
124,"FitnessFaith: The new jogging tracks are perfect for my daily runs. Smooth and scenic."
125,"MusicMolly: The local bands performing in the park add great entertainment value."
126,"FoodieFiona: The healthy snack stands in the park are a nice touch for health-conscious visitors."
127,"TechieTina2: Integrating smart benches with charging ports would enhance the park's functionality."
128,"NatureNora: The eco-tours offered in the park educate visitors about local flora and fauna."
129,"SportsSeth: The new tennis courts are in excellent condition. Great for players of all levels."
130,"GreenGrace: The rain gardens help manage stormwater effectively. Impressive eco-friendly design."
131,"FamilyFrank: The toddler play area is safe and engaging. My little one loves it!"
132,"AdventureAnna: The rock climbing wall adds an adventurous element to the park's activities."
133,"PeacefulPaula: The meditation gardens provide a peaceful retreat for relaxation and mindfulness."
134,"CommunityConnor: The park's community board keeps everyone informed about upcoming events and activities."
135,"ArtisticAiden: The live painting sessions are inspiring and engaging for all ages."
136,"TechieToby: The integration of smart lighting enhances safety and ambiance in the evenings."
137,"MusicMandy: The acoustic sessions under the trees create a lovely, intimate setting."
138,"FitnessFelix: The park's fitness boot camps are challenging and effective. Great for staying in shape."
139,"PetPaisley: The pet grooming stations would be a useful addition for pet owners."
140,"RelaxedRebecca: The hammock zones are perfect for unwinding with a good book."
141,"FoodieFred: The diverse food options available during events cater to all tastes and preferences."
142,"TechieTracy: The idea of a park app with real-time event updates is fantastic. Looking forward to it!"
143,"NatureNancy: The bird-watching tours are delightful. Saw so many different species!"
144,"SportsSophie: The multi-use courts accommodate various sports, making them versatile for all users."
145,"GreenGloria: The solar-powered fountains are not only beautiful but also environmentally friendly."
146,"FamilyFelix: The interactive playground features keep my kids entertained and engaged for hours."
147,"AdventureAlyssa: The zip lining through the park is exhilarating. Adds a fun twist to outdoor activities."
148,"PeacefulPat: The secluded benches by the pond are perfect for quiet contemplation."
149,"CommunityCameron: The volunteer clean-up days help maintain the park's beauty and foster community spirit."
150,"ArtisticAshley: The seasonal art fairs showcase incredible talent and bring vibrancy to the park."
151,"EcoWarrior: The new park's composting program is fantastic. It's great to see the community getting involved in sustainability."
152,"FitnessFan: Love the new jogging trails! They‚Äôre well-marked and offer a great view of the skyline."
153,"CityDweller: The park is nice, but I wish there were more benches for people to sit and relax."
154,"NatureLover: The bird-watching areas are well-maintained. Saw a rare species today!"
155,"TechieTom: It would be awesome if the park had free charging stations for our gadgets."
156,"FamilyFirst: The playground has everything my kids need. Safe and fun!"
157,"UrbanPlanner: The layout is efficient, but adding more green spaces within the park would enhance its appeal."
158,"HappyHiker: Took a lovely hike around the park‚Äôs perimeter. The trails are in excellent condition."
159,"ArtLover: The new mural adds so much color and life to the park. Brilliant work by local artists."
160,"PetOwner: Great to see a water fountain for dogs. Makes our walks much easier."
161,"SeniorSam: The shaded areas are perfect for seniors to enjoy the outdoors without too much sun."
162,"GreenThumb: The community garden is thriving! It's wonderful to see so many people growing their own vegetables."
163,"MusicMike: The live music events are fantastic, but sometimes they go on too late into the night."
164,"FoodieFrank: The new food stalls offer a great variety of delicious options during park events."
165,"RunnerRick: The running paths are smooth and well-lit, making evening runs enjoyable."
166,"CyclistMike: Appreciated the addition of bike lanes. It makes cycling in the park much safer."
167,"YogaYvonne: The yoga sessions by the lake are so peaceful. A perfect way to start the day."
168,"BookwormBetty: The little library corner is a charming addition. Borrowing books has never been easier!"
169,"CreativeChris: The open-air art studios are inspiring. Love seeing artists at work."
170,"AdventureAlex: The zip line is thrilling! Adds an exciting element to the park's attractions."
171,"PeacefulPenny: The meditation garden is my favorite spot to unwind and reflect."
172,"SportsSamantha: The new soccer fields are in great condition. Perfect for local leagues."
173,"TechGuruTina: Integrating an app with park maps and event schedules would enhance visitor experience."
174,"RelaxedRita: Enjoying the hammock areas on lazy afternoons. So relaxing!"
175,"CommunityCindy: The volunteer opportunities at the park help build a strong community spirit."
176,"HistoryHelen: The historical markers provide great insights into the park's development over the years."
177,"SilentObserver: Sometimes the park is too crowded for my liking. I prefer quieter spaces."
178,"BudgetWatcher: The park is nice, but I‚Äôm concerned about the maintenance costs long-term."
179,"NightOwl: Evening walks are lovely, but more lighting would make me feel safer."
180,"PlaygroundPaul: The new slides and swings are fantastic. My kids are thrilled!"
181,"PicassoPatti: The outdoor sculpture garden is a wonderful touch. Adds cultural value to the park."
182,"RunnerRick2: The designated running tracks help keep my workouts organized and efficient."
183,"FamilyGuy45: The family-friendly events keep everyone entertained. Great for weekends!"
184,"DigitalNomad: It would be great to have Wi-Fi zones for those of us who work remotely."
185,"SeniorSam2: The benches are comfortable and strategically placed for maximum enjoyment."
186,"LocalLaura2: The information boards are helpful for navigating and learning more about the park."
187,"PlaygroundPaul2: The interactive play areas keep my kids engaged and active."
188,"CommunityKid50: The park has become the heart of our neighborhood. Everyone loves it!"
189,"FoodieFrank2: The variety of food trucks is impressive. Something for every palate!"
190,"TechGuruTina2: Adding solar-powered charging stations would make the park more eco-friendly."
191,"MusicMike2: Love the acoustics at the amphitheater, but sometimes the crowd noise is overwhelming."
192,"HistoryHelen2: The historical exhibits are informative and add depth to the park experience."
193,"SportySteve2: More sports facilities like tennis courts would be a great addition."
194,"BookwormBetty2: The book exchange program is fantastic. Encourages reading and community sharing."
195,"PetFriendlyPam2: More pet waste stations would make the park even more pet-friendly."
196,"EarlyBirdEli2: The sunrise views are breathtaking. Perfect way to start the day."
197,"NightStrollNina2: Evening lighting has improved, but a few more lamps would enhance safety."
198,"ArtisticAmy2: The rotating art exhibits keep the park fresh and engaging."
199,"CommunityChef2: Outdoor cooking classes are a hit! Great way to learn new recipes."
200,"FitFamFred2: The fitness trails are excellent for family workouts. Encourages healthy living together."
201,"UrbanExplorer2: Discovered a hidden pond today. Such a peaceful spot!"
202,"GreenEnergyGary2: Solar-powered lights are a great eco-friendly feature."
203,"TechSavvySasha2: An app with event notifications would be very useful."
204,"PeacefulPenny2: The serene atmosphere in the meditation zones is unmatched."
205,"LocalLarry2: Educational tours for schools are a brilliant idea. Engages the youth effectively."
206,"ArtisticAva2: Interactive art installations are a fantastic way to involve visitors of all ages."
207,"BusyMomMia2: More childcare facilities would help busy parents enjoy the park more."
208,"AdventureAlex2: The new climbing wall is a great challenge for adventurous visitors."
209,"RelaxedRita2: The hammock areas are perfect for a relaxing afternoon nap."
210,"CommunityCarla2: Volunteer programs foster a strong sense of community pride."
211,"TechieTom2: Free Wi-Fi options are still pending. It's essential for modern visitors."
212,"HealthNutHank2: Fresh produce from the community garden is fantastic. Encourages healthy eating."
213,"SportsSamantha2: More organized sports leagues would utilize the park's facilities better."
214,"GreenThumbGary2: Plant workshops are educational and improve our gardening skills."
215,"MusicMaya2: More variety in background music would enhance the park's ambiance."
216,"EventEddie2: The annual park festival is a highlight. Brings everyone together beautifully."
217,"CreativeChris2: The graffiti wall is a great outlet for local artists."
218,"HappyHelen2: The fountain area is relaxing and enjoyable for both kids and adults."
219,"OutdoorOscar2: Camping spots near the park are a wonderful addition for weekend getaways."
220,"YogiYara2: The designated yoga zones are peaceful and well-maintained."
221,"CyclingCory2: More bike repair stations would benefit cyclists using the trails."
222,"FitnessFiona2: Group fitness classes are motivating and well-organized."
223,"PetPamela2: Additional water stations for dogs would be much appreciated."
224,"StudentSteve2: Outdoor study areas are perfect for focusing while enjoying nature."
225,"FamilyFaith2: The inclusive playground ensures all children can play safely together."
226,"NatureNate2: The butterfly garden is a delightful addition for nature lovers."
227,"RunnerRachel2: Smooth and well-marked running paths make training enjoyable."
228,"ArtAlly2: Park art workshops inspire creativity among all participants."
229,"TechieTara2: Augmented reality features could greatly enhance visitor experiences."
230,"PeacefulPete2: Quiet zones are ideal for reading and reflecting without distractions."
231,"CommunityCindy2: Outreach programs effectively engage underrepresented communities."
232,"MusicMax2: Diverse music genres at events would attract a broader audience."
233,"SportsSam2: New soccer fields are well-maintained and great for local teams."
234,"GreenGina2: Composting bins are an excellent eco-friendly initiative."
235,"FamilyFelicia2: Stroller-friendly paths make navigating the park with little ones easy."
236,"AdventureAmy2: Obstacle courses add an exciting challenge for both kids and adults."
237,"TechTom2: Interactive digital maps would make navigation much easier."
238,"HistoryHank2: Historical markers provide valuable insights into the park's background."
239,"YogaYasmine2: Sunset yoga sessions are magical and highly recommended."
240,"CommunityCarl2: Neighborhood potlucks foster strong community bonds."
241,"ArtisticArthur2: Evening light installations create a mesmerizing atmosphere."
242,"PetPeter2: More shaded areas for dogs would enhance our visits."
243,"RelaxedRenee2: The park's tranquility is a perfect escape from the city's hustle."
244,"FitnessFaith2: New jogging tracks are smooth and scenic, perfect for daily runs."
245,"MusicMolly2: Local bands add great entertainment value to park events."
246,"FoodieFiona2: Healthy snack stands cater well to health-conscious visitors."
247,"TechieTina22: Smart benches with charging ports would significantly enhance park functionality."
248,"NatureNora2: Eco-tours educate visitors about local flora and fauna effectively."
249,"SportsSeth2: New tennis courts are in excellent condition and great for all skill levels."
250,"GreenGrace2: Rain gardens manage stormwater efficiently. Impressive eco-friendly design."
